Workbook
Name Famiglia_Menu: 'Liste_Menu'!$C$2:$C$5000
Name Serie_Menu: 'Liste_Menu'!$G$2:$G$4997
Name Materiale_Menu: 'Liste_Menu'!$K$2:$K$5000
Name Config_Menu: 'Liste_Menu'!$O$2:$O$5000
Name Connessione_Menu: 'Liste_Menu'!$S$2:$S$5000
Name Finitura_Menu: 'Liste_Menu'!$W$2:$W$4997
Name Brand_Menu: 'Liste_Menu'!$AA$2:$AA$5000
Name UM_Menu: 'Liste_Menu'!$AE$2:$AE$5000

Sheet Template
A1: ID interno | B1: Descrizione | C1: Famiglia | D1: Serie | E1: Materiale | F1: Config | G1: OD int/min per coax/rid/tees in inches | H1: OD est per tubi (in per SS, mm per plastica) | I1: Spessore | J1: Connessione | K1: Finitura | L1: Brand | M1: Modello | N1: Lunghezza (mm) | O1: Giacenza | P1: u.m. | Q1: Costo unitario | R1: Valore | S1: SKU | T1: QR/URL | U1: Note
A2: =ROW()-1 | R2: =ROUND(O2*Q2,2) | S2: =IF(C2="","",IF(OR(LEFT(C2,FIND(" - ",C2&" - ")-1)="TB",LEFT(C2,FIND(" - ",C2&" - ")-1)="EL45",LEFT(C2,FIND(" - ",C2&" - ")-1)="EL90"),IF(LEFT(D2,FIND(" - ",D2&" - ")-1)="COAX",LEFT(C2,FIND(" - ",C2&" - ")-1)&IF(D2="","","-"&LEFT(D2,FIND(" - ",D2&" - ")-1))&IF(AND(G2<>"",H2<>""),"-"&G2&" x "&H2,IF(H2<>"","-"&H2,""))&IF(I2<>"","-"&I2,"")&IF(K2="","","-"&LEFT(K2,FIND(" - ",K2&" - ")-1))&IF(L2="","","-"&LEFT(L2,FIND(" - ",L2&" - ")-1)),IF(OR(LEFT(C2,FIND(" - ",C2&" - ")-1)="TB",OR(LEFT(D2,FIND(" - ",D2&" - ")-1)="UL",LEFT(D2,FIND(" - ",D2&" - ")-1)="TCC",LEFT(D2,FIND(" - ",D2&" - ")-1)="TCC1")),LEFT(C2,FIND(" - ",C2&" - ")-1)&IF(D2="","","-"&LEFT(D2,FIND(" - ",D2&" - ")-1))&IF(H2<>"","-"&H2,"")&IF(OR(SUBSTITUTE(H2,"""","")="1/2",SUBSTITUTE(H2,"""","")="3/4"),IF(I2<>"","-"&I2,""),"")&IF(K2="","","-"&LEFT(K2,FIND(" - ",K2&" - ")-1))&IF(L2="","","-"&LEFT(L2,FIND(" - ",L2&" - ")-1)),LEFT(C2,FIND(" - ",C2&" - ")-1)&IF(D2="","","-"&LEFT(D2,FIND(" - ",D2&" - ")-1))&IF(E2="","","-"&LEFT(E2,FIND(" - ",E2&" - ")-1))&IF(F2="","","-"&LEFT(F2,FIND(" - ",F2&" - ")-1))&IF(LEFT(F2,FIND(" - ",F2&" - ")-1)="CX",IF(AND(G2<>"",H2<>""),"-"&G2&"/"&H2,""),IF(H2<>"","-"&H2,""))&IF(AND(LEFT(F2,FIND(" - ",F2&" - ")-1)<>"CX",I2<>""),"-"&I2,"")&IF(J2="","","-"&LEFT(J2,FIND(" - ",J2&" - ")-1))&IF(K2="","","-"&LEFT(K2,FIND(" - ",K2&" - ")-1))&IF(L2="","","-"&LEFT(L2,FIND(" - ",L2&" - ")-1))&IF(M2<>"","-"&M2,""))),LEFT(C2,FIND(" - ",C2&" - ")-1)&IF(D2="","","-"&LEFT(D2,FIND(" - ",D2&" - ")-1))&IF(E2="","","-"&LEFT(E2,FIND(" - ",E2&" - ")-1))&IF(F2="","","-"&LEFT(F2,FIND(" - ",F2&" - ")-1))&IF(LEFT(F2,FIND(" - ",F2&" - ")-1)="CX",IF(AND(G2<>"",H2<>""),"-"&G2&"/"&H2,""),IF(H2<>"","-"&H2,""))&IF(AND(LEFT(F2,FIND(" - ",F2&" - ")-1)<>"CX",I2<>""),"-"&I2,"")&IF(J2="","","-"&LEFT(J2,FIND(" - ",J2&" - ")-1))&IF(K2="","","-"&LEFT(K2,FIND(" - ",K2&" - ")-1))&IF(L2="","","-"&LEFT(L2,FIND(" - ",L2&" - ")-1))&IF(M2<>"","-"&M2,""))) | T2: =IF(S2="","","SKU:"&S2)
A3: =ROW()-1 | R3: =ROUND(O3*Q3,2) | S3: =IF(C3="","",IF(OR(LEFT(C3,FIND(" - ",C3&" - ")-1)="TB",LEFT(C3,FIND(" - ",C3&" - ")-1)="EL45",LEFT(C3,FIND(" - ",C3&" - ")-1)="EL90"),IF(LEFT(D3,FIND(" - ",D3&" - ")-1)="COAX",LEFT(C3,FIND(" - ",C3&" - ")-1)&IF(D3="","","-"&LEFT(D3,FIND(" - ",D3&" - ")-1))&IF(AND(G3<>"",H3<>""),"-"&G3&" x "&H3,IF(H3<>"","-"&H3,""))&IF(I3<>"","-"&I3,"")&IF(K3="","","-"&LEFT(K3,FIND(" - ",K3&" - ")-1))&IF(L3="","","-"&LEFT(L3,FIND(" - ",L3&" - ")-1)),IF(OR(LEFT(C3,FIND(" - ",C3&" - ")-1)="TB",OR(LEFT(D3,FIND(" - ",D3&" - ")-1)="UL",LEFT(D3,FIND(" - ",D3&" - ")-1)="TCC",LEFT(D3,FIND(" - ",D3&" - ")-1)="TCC1")),LEFT(C3,FIND(" - ",C3&" - ")-1)&IF(D3="","","-"&LEFT(D3,FIND(" - ",D3&" - ")-1))&IF(H3<>"","-"&H3,"")&IF(OR(SUBSTITUTE(H3,"""","")="1/2",SUBSTITUTE(H3,"""","")="3/4"),IF(I3<>"","-"&I3,""),"")&IF(K3="","","-"&LEFT(K3,FIND(" - ",K3&" - ")-1))&IF(L3="","","-"&LEFT(L3,FIND(" - ",L3&" - ")-1)),LEFT(C3,FIND(" - ",C3&" - ")-1)&IF(D3="","","-"&LEFT(D3,FIND(" - ",D3&" - ")-1))&IF(E3="","","-"&LEFT(E3,FIND(" - ",E3&" - ")-1))&IF(F3="","","-"&LEFT(F3,FIND(" - ",F3&" - ")-1))&IF(LEFT(F3,FIND(" - ",F3&" - ")-1)="CX",IF(AND(G3<>"",H3<>""),"-"&G3&"/"&H3,""),IF(H3<>"","-"&H3,""))&IF(AND(LEFT(F3,FIND(" - ",F3&" - ")-1)<>"CX",I3<>""),"-"&I3,"")&IF(J3="","","-"&LEFT(J3,FIND(" - ",J3&" - ")-1))&IF(K3="","","-"&LEFT(K3,FIND(" - ",K3&" - ")-1))&IF(L3="","","-"&LEFT(L3,FIND(" - ",L3&" - ")-1))&IF(M3<>"","-"&M3,""))),LEFT(C3,FIND(" - ",C3&" - ")-1)&IF(D3="","","-"&LEFT(D3,FIND(" - ",D3&" - ")-1))&IF(E3="","","-"&LEFT(E3,FIND(" - ",E3&" - ")-1))&IF(F3="","","-"&LEFT(F3,FIND(" - ",F3&" - ")-1))&IF(LEFT(F3,FIND(" - ",F3&" - ")-1)="CX",IF(AND(G3<>"",H3<>""),"-"&G3&"/"&H3,""),IF(H3<>"","-"&H3,""))&IF(AND(LEFT(F3,FIND(" - ",F3&" - ")-1)<>"CX",I3<>""),"-"&I3,"")&IF(J3="","","-"&LEFT(J3,FIND(" - ",J3&" - ")-1))&IF(K3="","","-"&LEFT(K3,FIND(" - ",K3&" - ")-1))&IF(L3="","","-"&LEFT(L3,FIND(" - ",L3&" - ")-1))&IF(M3<>"","-"&M3,""))) | T3: =IF(S3="","","SKU:"&S3)
A4: =ROW()-1 | R4: =ROUND(O4*Q4,2) | S4: =IF(C4="","",IF(OR(LEFT(C4,FIND(" - ",C4&" - ")-1)="TB",LEFT(C4,FIND(" - ",C4&" - ")-1)="EL45",LEFT(C4,FIND(" - ",C4&" - ")-1)="EL90"),IF(LEFT(D4,FIND(" - ",D4&" - ")-1)="COAX",LEFT(C4,FIND(" - ",C4&" - ")-1)&IF(D4="","","-"&LEFT(D4,FIND(" - ",D4&" - ")-1))&IF(AND(G4<>"",H4<>""),"-"&G4&" x "&H4,IF(H4<>"","-"&H4,""))&IF(I4<>"","-"&I4,"")&IF(K4="","","-"&LEFT(K4,FIND(" - ",K4&" - ")-1))&IF(L4="","","-"&LEFT(L4,FIND(" - ",L4&" - ")-1)),IF(OR(LEFT(C4,FIND(" - ",C4&" - ")-1)="TB",OR(LEFT(D4,FIND(" - ",D4&" - ")-1)="UL",LEFT(D4,FIND(" - ",D4&" - ")-1)="TCC",LEFT(D4,FIND(" - ",D4&" - ")-1)="TCC1")),LEFT(C4,FIND(" - ",C4&" - ")-1)&IF(D4="","","-"&LEFT(D4,FIND(" - ",D4&" - ")-1))&IF(H4<>"","-"&H4,"")&IF(OR(SUBSTITUTE(H4,"""","")="1/2",SUBSTITUTE(H4,"""","")="3/4"),IF(I4<>"","-"&I4,""),"")&IF(K4="","","-"&LEFT(K4,FIND(" - ",K4&" - ")-1))&IF(L4="","","-"&LEFT(L4,FIND(" - ",L4&" - ")-1)),LEFT(C4,FIND(" - ",C4&" - ")-1)&IF(D4="","","-"&LEFT(D4,FIND(" - ",D4&" - ")-1))&IF(E4="","","-"&LEFT(E4,FIND(" - ",E4&" - ")-1))&IF(F4="","","-"&LEFT(F4,FIND(" - ",F4&" - ")-1))&IF(LEFT(F4,FIND(" - ",F4&" - ")-1)="CX",IF(AND(G4<>"",H4<>""),"-"&G4&"/"&H4,""),IF(H4<>"","-"&H4,""))&IF(AND(LEFT(F4,FIND(" - ",F4&" - ")-1)<>"CX",I4<>""),"-"&I4,"")&IF(J4="","","-"&LEFT(J4,FIND(" - ",J4&" - ")-1))&IF(K4="","","-"&LEFT(K4,FIND(" - ",K4&" - ")-1))&IF(L4="","","-"&LEFT(L4,FIND(" - ",L4&" - ")-1))&IF(M4<>"","-"&M4,""))),LEFT(C4,FIND(" - ",C4&" - ")-1)&IF(D4="","","-"&LEFT(D4,FIND(" - ",D4&" - ")-1))&IF(E4="","","-"&LEFT(E4,FIND(" - ",E4&" - ")-1))&IF(F4="","","-"&LEFT(F4,FIND(" - ",F4&" - ")-1))&IF(LEFT(F4,FIND(" - ",F4&" - ")-1)="CX",IF(AND(G4<>"",H4<>""),"-"&G4&"/"&H4,""),IF(H4<>"","-"&H4,""))&IF(AND(LEFT(F4,FIND(" - ",F4&" - ")-1)<>"CX",I4<>""),"-"&I4,"")&IF(J4="","","-"&LEFT(J4,FIND(" - ",J4&" - ")-1))&IF(K4="","","-"&LEFT(K4,FIND(" - ",K4&" - ")-1))&IF(L4="","","-"&LEFT(L4,FIND(" - ",L4&" - ")-1))&IF(M4<>"","-"&M4,""))) | T4: =IF(S4="","","SKU:"&S4)
A5: =ROW()-1 | R5: =ROUND(O5*Q5,2) | S5: =IF(C5="","",IF(OR(LEFT(C5,FIND(" - ",C5&" - ")-1)="TB",LEFT(C5,FIND(" - ",C5&" - ")-1)="EL45",LEFT(C5,FIND(" - ",C5&" - ")-1)="EL90"),IF(LEFT(D5,FIND(" - ",D5&" - ")-1)="COAX",LEFT(C5,FIND(" - ",C5&" - ")-1)&IF(D5="","","-"&LEFT(D5,FIND(" - ",D5&" - ")-1))&IF(AND(G5<>"",H5<>""),"-"&G5&" x "&H5,IF(H5<>"","-"&H5,""))&IF(I5<>"","-"&I5,"")&IF(K5="","","-"&LEFT(K5,FIND(" - ",K5&" - ")-1))&IF(L5="","","-"&LEFT(L5,FIND(" - ",L5&" - ")-1)),IF(OR(LEFT(C5,FIND(" - ",C5&" - ")-1)="TB",OR(LEFT(D5,FIND(" - ",D5&" - ")-1)="UL",LEFT(D5,FIND(" - ",D5&" - ")-1)="TCC",LEFT(D5,FIND(" - ",D5&" - ")-1)="TCC1")),LEFT(C5,FIND(" - ",C5&" - ")-1)&IF(D5="","","-"&LEFT(D5,FIND(" - ",D5&" - ")-1))&IF(H5<>"","-"&H5,"")&IF(OR(SUBSTITUTE(H5,"""","")="1/2",SUBSTITUTE(H5,"""","")="3/4"),IF(I5<>"","-"&I5,""),"")&IF(K5="","","-"&LEFT(K5,FIND(" - ",K5&" - ")-1))&IF(L5="","","-"&LEFT(L5,FIND(" - ",L5&" - ")-1)),LEFT(C5,FIND(" - ",C5&" - ")-1)&IF(D5="","","-"&LEFT(D5,FIND(" - ",D5&" - ")-1))&IF(E5="","","-"&LEFT(E5,FIND(" - ",E5&" - ")-1))&IF(F5="","","-"&LEFT(F5,FIND(" - ",F5&" - ")-1))&IF(LEFT(F5,FIND(" - ",F5&" - ")-1)="CX",IF(AND(G5<>"",H5<>""),"-"&G5&"/"&H5,""),IF(H5<>"","-"&H5,""))&IF(AND(LEFT(F5,FIND(" - ",F5&" - ")-1)<>"CX",I5<>""),"-"&I5,"")&IF(J5="","","-"&LEFT(J5,FIND(" - ",J5&" - ")-1))&IF(K5="","","-"&LEFT(K5,FIND(" - ",K5&" - ")-1))&IF(L5="","","-"&LEFT(L5,FIND(" - ",L5&" - ")-1))&IF(M5<>"","-"&M5,""))),LEFT(C5,FIND(" - ",C5&" - ")-1)&IF(D5="","","-"&LEFT(D5,FIND(" - ",D5&" - ")-1))&IF(E5="","","-"&LEFT(E5,FIND(" - ",E5&" - ")-1))&IF(F5="","","-"&LEFT(F5,FIND(" - ",F5&" - ")-1))&IF(LEFT(F5,FIND(" - ",F5&" - ")-1)="CX",IF(AND(G5<>"",H5<>""),"-"&G5&"/"&H5,""),IF(H5<>"","-"&H5,""))&IF(AND(LEFT(F5,FIND(" - ",F5&" - ")-1)<>"CX",I5<>""),"-"&I5,"")&IF(J5="","","-"&LEFT(J5,FIND(" - ",J5&" - ")-1))&IF(K5="","","-"&LEFT(K5,FIND(" - ",K5&" - ")-1))&IF(L5="","","-"&LEFT(L5,FIND(" - ",L5&" - ")-1))&IF(M5<>"","-"&M5,""))) | T5: =IF(S5="","","SKU:"&S5)
A6: =ROW()-1 | R6: =ROUND(O6*Q6,2) | S6: =IF(C6="","",IF(OR(LEFT(C6,FIND(" - ",C6&" - ")-1)="TB",LEFT(C6,FIND(" - ",C6&" - ")-1)="EL45",LEFT(C6,FIND(" - ",C6&" - ")-1)="EL90"),IF(LEFT(D6,FIND(" - ",D6&" - ")-1)="COAX",LEFT(C6,FIND(" - ",C6&" - ")-1)&IF(D6="","","-"&LEFT(D6,FIND(" - ",D6&" - ")-1))&IF(AND(G6<>"",H6<>""),"-"&G6&" x "&H6,IF(H6<>"","-"&H6,""))&IF(I6<>"","-"&I6,"")&IF(K6="","","-"&LEFT(K6,FIND(" - ",K6&" - ")-1))&IF(L6="","","-"&LEFT(L6,FIND(" - ",L6&" - ")-1)),IF(OR(LEFT(C6,FIND(" - ",C6&" - ")-1)="TB",OR(LEFT(D6,FIND(" - ",D6&" - ")-1)="UL",LEFT(D6,FIND(" - ",D6&" - ")-1)="TCC",LEFT(D6,FIND(" - ",D6&" - ")-1)="TCC1")),LEFT(C6,FIND(" - ",C6&" - ")-1)&IF(D6="","","-"&LEFT(D6,FIND(" - ",D6&" - ")-1))&IF(H6<>"","-"&H6,"")&IF(OR(SUBSTITUTE(H6,"""","")="1/2",SUBSTITUTE(H6,"""","")="3/4"),IF(I6<>"","-"&I6,""),"")&IF(K6="","","-"&LEFT(K6,FIND(" - ",K6&" - ")-1))&IF(L6="","","-"&LEFT(L6,FIND(" - ",L6&" - ")-1)),LEFT(C6,FIND(" - ",C6&" - ")-1)&IF(D6="","","-"&LEFT(D6,FIND(" - ",D6&" - ")-1))&IF(E6="","","-"&LEFT(E6,FIND(" - ",E6&" - ")-1))&IF(F6="","","-"&LEFT(F6,FIND(" - ",F6&" - ")-1))&IF(LEFT(F6,FIND(" - ",F6&" - ")-1)="CX",IF(AND(G6<>"",H6<>""),"-"&G6&"/"&H6,""),IF(H6<>"","-"&H6,""))&IF(AND(LEFT(F6,FIND(" - ",F6&" - ")-1)<>"CX",I6<>""),"-"&I6,"")&IF(J6="","","-"&LEFT(J6,FIND(" - ",J6&" - ")-1))&IF(K6="","","-"&LEFT(K6,FIND(" - ",K6&" - ")-1))&IF(L6="","","-"&LEFT(L6,FIND(" - ",L6&" - ")-1))&IF(M6<>"","-"&M6,""))),LEFT(C6,FIND(" - ",C6&" - ")-1)&IF(D6="","","-"&LEFT(D6,FIND(" - ",D6&" - ")-1))&IF(E6="","","-"&LEFT(E6,FIND(" - ",E6&" - ")-1))&IF(F6="","","-"&LEFT(F6,FIND(" - ",F6&" - ")-1))&IF(LEFT(F6,FIND(" - ",F6&" - ")-1)="CX",IF(AND(G6<>"",H6<>""),"-"&G6&"/"&H6,""),IF(H6<>"","-"&H6,""))&IF(AND(LEFT(F6,FIND(" - ",F6&" - ")-1)<>"CX",I6<>""),"-"&I6,"")&IF(J6="","","-"&LEFT(J6,FIND(" - ",J6&" - ")-1))&IF(K6="","","-"&LEFT(K6,FIND(" - ",K6&" - ")-1))&IF(L6="","","-"&LEFT(L6,FIND(" - ",L6&" - ")-1))&IF(M6<>"","-"&M6,""))) | T6: =IF(S6="","","SKU:"&S6)
A7: =ROW()-1 | R7: =ROUND(O7*Q7,2) | S7: =IF(C7="","",IF(OR(LEFT(C7,FIND(" - ",C7&" - ")-1)="TB",LEFT(C7,FIND(" - ",C7&" - ")-1)="EL45",LEFT(C7,FIND(" - ",C7&" - ")-1)="EL90"),IF(LEFT(D7,FIND(" - ",D7&" - ")-1)="COAX",LEFT(C7,FIND(" - ",C7&" - ")-1)&IF(D7="","","-"&LEFT(D7,FIND(" - ",D7&" - ")-1))&IF(AND(G7<>"",H7<>""),"-"&G7&" x "&H7,IF(H7<>"","-"&H7,""))&IF(I7<>"","-"&I7,"")&IF(K7="","","-"&LEFT(K7,FIND(" - ",K7&" - ")-1))&IF(L7="","","-"&LEFT(L7,FIND(" - ",L7&" - ")-1)),IF(OR(LEFT(C7,FIND(" - ",C7&" - ")-1)="TB",OR(LEFT(D7,FIND(" - ",D7&" - ")-1)="UL",LEFT(D7,FIND(" - ",D7&" - ")-1)="TCC",LEFT(D7,FIND(" - ",D7&" - ")-1)="TCC1")),LEFT(C7,FIND(" - ",C7&" - ")-1)&IF(D7="","","-"&LEFT(D7,FIND(" - ",D7&" - ")-1))&IF(H7<>"","-"&H7,"")&IF(OR(SUBSTITUTE(H7,"""","")="1/2",SUBSTITUTE(H7,"""","")="3/4"),IF(I7<>"","-"&I7,""),"")&IF(K7="","","-"&LEFT(K7,FIND(" - ",K7&" - ")-1))&IF(L7="","","-"&LEFT(L7,FIND(" - ",L7&" - ")-1)),LEFT(C7,FIND(" - ",C7&" - ")-1)&IF(D7="","","-"&LEFT(D7,FIND(" - ",D7&" - ")-1))&IF(E7="","","-"&LEFT(E7,FIND(" - ",E7&" - ")-1))&IF(F7="","","-"&LEFT(F7,FIND(" - ",F7&" - ")-1))&IF(LEFT(F7,FIND(" - ",F7&" - ")-1)="CX",IF(AND(G7<>"",H7<>""),"-"&G7&"/"&H7,""),IF(H7<>"","-"&H7,""))&IF(AND(LEFT(F7,FIND(" - ",F7&" - ")-1)<>"CX",I7<>""),"-"&I7,"")&IF(J7="","","-"&LEFT(J7,FIND(" - ",J7&" - ")-1))&IF(K7="","","-"&LEFT(K7,FIND(" - ",K7&" - ")-1))&IF(L7="","","-"&LEFT(L7,FIND(" - ",L7&" - ")-1))&IF(M7<>"","-"&M7,""))),LEFT(C7,FIND(" - ",C7&" - ")-1)&IF(D7="","","-"&LEFT(D7,FIND(" - ",D7&" - ")-1))&IF(E7="","","-"&LEFT(E7,FIND(" - ",E7&" - ")-1))&IF(F7="","","-"&LEFT(F7,FIND(" - ",F7&" - ")-1))&IF(LEFT(F7,FIND(" - ",F7&" - ")-1)="CX",IF(AND(G7<>"",H7<>""),"-"&G7&"/"&H7,""),IF(H7<>"","-"&H7,""))&IF(AND(LEFT(F7,FIND(" - ",F7&" - ")-1)<>"CX",I7<>""),"-"&I7,"")&IF(J7="","","-"&LEFT(J7,FIND(" - ",J7&" - ")-1))&IF(K7="","","-"&LEFT(K7,FIND(" - ",K7&" - ")-1))&IF(L7="","","-"&LEFT(L7,FIND(" - ",L7&" - ")-1))&IF(M7<>"","-"&M7,""))) | T7: =IF(S7="","","SKU:"&S7)
A8: =ROW()-1 | R8: =ROUND(O8*Q8,2) | S8: =IF(C8="","",IF(OR(LEFT(C8,FIND(" - ",C8&" - ")-1)="TB",LEFT(C8,FIND(" - ",C8&" - ")-1)="EL45",LEFT(C8,FIND(" - ",C8&" - ")-1)="EL90"),IF(LEFT(D8,FIND(" - ",D8&" - ")-1)="COAX",LEFT(C8,FIND(" - ",C8&" - ")-1)&IF(D8="","","-"&LEFT(D8,FIND(" - ",D8&" - ")-1))&IF(AND(G8<>"",H8<>""),"-"&G8&" x "&H8,IF(H8<>"","-"&H8,""))&IF(I8<>"","-"&I8,"")&IF(K8="","","-"&LEFT(K8,FIND(" - ",K8&" - ")-1))&IF(L8="","","-"&LEFT(L8,FIND(" - ",L8&" - ")-1)),IF(OR(LEFT(C8,FIND(" - ",C8&" - ")-1)="TB",OR(LEFT(D8,FIND(" - ",D8&" - ")-1)="UL",LEFT(D8,FIND(" - ",D8&" - ")-1)="TCC",LEFT(D8,FIND(" - ",D8&" - ")-1)="TCC1")),LEFT(C8,FIND(" - ",C8&" - ")-1)&IF(D8="","","-"&LEFT(D8,FIND(" - ",D8&" - ")-1))&IF(H8<>"","-"&H8,"")&IF(OR(SUBSTITUTE(H8,"""","")="1/2",SUBSTITUTE(H8,"""","")="3/4"),IF(I8<>"","-"&I8,""),"")&IF(K8="","","-"&LEFT(K8,FIND(" - ",K8&" - ")-1))&IF(L8="","","-"&LEFT(L8,FIND(" - ",L8&" - ")-1)),LEFT(C8,FIND(" - ",C8&" - ")-1)&IF(D8="","","-"&LEFT(D8,FIND(" - ",D8&" - ")-1))&IF(E8="","","-"&LEFT(E8,FIND(" - ",E8&" - ")-1))&IF(F8="","","-"&LEFT(F8,FIND(" - ",F8&" - ")-1))&IF(LEFT(F8,FIND(" - ",F8&" - ")-1)="CX",IF(AND(G8<>"",H8<>""),"-"&G8&"/"&H8,""),IF(H8<>"","-"&H8,""))&IF(AND(LEFT(F8,FIND(" - ",F8&" - ")-1)<>"CX",I8<>""),"-"&I8,"")&IF(J8="","","-"&LEFT(J8,FIND(" - ",J8&" - ")-1))&IF(K8="","","-"&LEFT(K8,FIND(" - ",K8&" - ")-1))&IF(L8="","","-"&LEFT(L8,FIND(" - ",L8&" - ")-1))&IF(M8<>"","-"&M8,""))),LEFT(C8,FIND(" - ",C8&" - ")-1)&IF(D8="","","-"&LEFT(D8,FIND(" - ",D8&" - ")-1))&IF(E8="","","-"&LEFT(E8,FIND(" - ",E8&" - ")-1))&IF(F8="","","-"&LEFT(F8,FIND(" - ",F8&" - ")-1))&IF(LEFT(F8,FIND(" - ",F8&" - ")-1)="CX",IF(AND(G8<>"",H8<>""),"-"&G8&"/"&H8,""),IF(H8<>"","-"&H8,""))&IF(AND(LEFT(F8,FIND(" - ",F8&" - ")-1)<>"CX",I8<>""),"-"&I8,"")&IF(J8="","","-"&LEFT(J8,FIND(" - ",J8&" - ")-1))&IF(K8="","","-"&LEFT(K8,FIND(" - ",K8&" - ")-1))&IF(L8="","","-"&LEFT(L8,FIND(" - ",L8&" - ")-1))&IF(M8<>"","-"&M8,""))) | T8: =IF(S8="","","SKU:"&S8)
A9: =ROW()-1 | R9: =ROUND(O9*Q9,2) | S9: =IF(C9="","",IF(OR(LEFT(C9,FIND(" - ",C9&" - ")-1)="TB",LEFT(C9,FIND(" - ",C9&" - ")-1)="EL45",LEFT(C9,FIND(" - ",C9&" - ")-1)="EL90"),IF(LEFT(D9,FIND(" - ",D9&" - ")-1)="COAX",LEFT(C9,FIND(" - ",C9&" - ")-1)&IF(D9="","","-"&LEFT(D9,FIND(" - ",D9&" - ")-1))&IF(AND(G9<>"",H9<>""),"-"&G9&" x "&H9,IF(H9<>"","-"&H9,""))&IF(I9<>"","-"&I9,"")&IF(K9="","","-"&LEFT(K9,FIND(" - ",K9&" - ")-1))&IF(L9="","","-"&LEFT(L9,FIND(" - ",L9&" - ")-1)),IF(OR(LEFT(C9,FIND(" - ",C9&" - ")-1)="TB",OR(LEFT(D9,FIND(" - ",D9&" - ")-1)="UL",LEFT(D9,FIND(" - ",D9&" - ")-1)="TCC",LEFT(D9,FIND(" - ",D9&" - ")-1)="TCC1")),LEFT(C9,FIND(" - ",C9&" - ")-1)&IF(D9="","","-"&LEFT(D9,FIND(" - ",D9&" - ")-1))&IF(H9<>"","-"&H9,"")&IF(OR(SUBSTITUTE(H9,"""","")="1/2",SUBSTITUTE(H9,"""","")="3/4"),IF(I9<>"","-"&I9,""),"")&IF(K9="","","-"&LEFT(K9,FIND(" - ",K9&" - ")-1))&IF(L9="","","-"&LEFT(L9,FIND(" - ",L9&" - ")-1)),LEFT(C9,FIND(" - ",C9&" - ")-1)&IF(D9="","","-"&LEFT(D9,FIND(" - ",D9&" - ")-1))&IF(E9="","","-"&LEFT(E9,FIND(" - ",E9&" - ")-1))&IF(F9="","","-"&LEFT(F9,FIND(" - ",F9&" - ")-1))&IF(LEFT(F9,FIND(" - ",F9&" - ")-1)="CX",IF(AND(G9<>"",H9<>""),"-"&G9&"/"&H9,""),IF(H9<>"","-"&H9,""))&IF(AND(LEFT(F9,FIND(" - ",F9&" - ")-1)<>"CX",I9<>""),"-"&I9,"")&IF(J9="","","-"&LEFT(J9,FIND(" - ",J9&" - ")-1))&IF(K9="","","-"&LEFT(K9,FIND(" - ",K9&" - ")-1))&IF(L9="","","-"&LEFT(L9,FIND(" - ",L9&" - ")-1))&IF(M9<>"","-"&M9,""))),LEFT(C9,FIND(" - ",C9&" - ")-1)&IF(D9="","","-"&LEFT(D9,FIND(" - ",D9&" - ")-1))&IF(E9="","","-"&LEFT(E9,FIND(" - ",E9&" - ")-1))&IF(F9="","","-"&LEFT(F9,FIND(" - ",F9&" - ")-1))&IF(LEFT(F9,FIND(" - ",F9&" - ")-1)="CX",IF(AND(G9<>"",H9<>""),"-"&G9&"/"&H9,""),IF(H9<>"","-"&H9,""))&IF(AND(LEFT(F9,FIND(" - ",F9&" - ")-1)<>"CX",I9<>""),"-"&I9,"")&IF(J9="","","-"&LEFT(J9,FIND(" - ",J9&" - ")-1))&IF(K9="","","-"&LEFT(K9,FIND(" - ",K9&" - ")-1))&IF(L9="","","-"&LEFT(L9,FIND(" - ",L9&" - ")-1))&IF(M9<>"","-"&M9,""))) | T9: =IF(S9="","","SKU:"&S9)
A10: =ROW()-1 | R10: =ROUND(O10*Q10,2) | S10: =IF(C10="","",IF(OR(LEFT(C10,FIND(" - ",C10&" - ")-1)="TB",LEFT(C10,FIND(" - ",C10&" - ")-1)="EL45",LEFT(C10,FIND(" - ",C10&" - ")-1)="EL90"),IF(LEFT(D10,FIND(" - ",D10&" - ")-1)="COAX",LEFT(C10,FIND(" - ",C10&" - ")-1)&IF(D10="","","-"&LEFT(D10,FIND(" - ",D10&" - ")-1))&IF(AND(G10<>"",H10<>""),"-"&G10&" x "&H10,IF(H10<>"","-"&H10,""))&IF(I10<>"","-"&I10,"")&IF(K10="","","-"&LEFT(K10,FIND(" - ",K10&" - ")-1))&IF(L10="","","-"&LEFT(L10,FIND(" - ",L10&" - ")-1)),IF(OR(LEFT(C10,FIND(" - ",C10&" - ")-1)="TB",OR(LEFT(D10,FIND(" - ",D10&" - ")-1)="UL",LEFT(D10,FIND(" - ",D10&" - ")-1)="TCC",LEFT(D10,FIND(" - ",D10&" - ")-1)="TCC1")),LEFT(C10,FIND(" - ",C10&" - ")-1)&IF(D10="","","-"&LEFT(D10,FIND(" - ",D10&" - ")-1))&IF(H10<>"","-"&H10,"")&IF(OR(SUBSTITUTE(H10,"""","")="1/2",SUBSTITUTE(H10,"""","")="3/4"),IF(I10<>"","-"&I10,""),"")&IF(K10="","","-"&LEFT(K10,FIND(" - ",K10&" - ")-1))&IF(L10="","","-"&LEFT(L10,FIND(" - ",L10&" - ")-1)),LEFT(C10,FIND(" - ",C10&" - ")-1)&IF(D10="","","-"&LEFT(D10,FIND(" - ",D10&" - ")-1))&IF(E10="","","-"&LEFT(E10,FIND(" - ",E10&" - ")-1))&IF(F10="","","-"&LEFT(F10,FIND(" - ",F10&" - ")-1))&IF(LEFT(F10,FIND(" - ",F10&" - ")-1)="CX",IF(AND(G10<>"",H10<>""),"-"&G10&"/"&H10,""),IF(H10<>"","-"&H10,""))&IF(AND(LEFT(F10,FIND(" - ",F10&" - ")-1)<>"CX",I10<>""),"-"&I10,"")&IF(J10="","","-"&LEFT(J10,FIND(" - ",J10&" - ")-1))&IF(K10="","","-"&LEFT(K10,FIND(" - ",K10&" - ")-1))&IF(L10="","","-"&LEFT(L10,FIND(" - ",L10&" - ")-1))&IF(M10<>"","-"&M10,""))),LEFT(C10,FIND(" - ",C10&" - ")-1)&IF(D10="","","-"&LEFT(D10,FIND(" - ",D10&" - ")-1))&IF(E10="","","-"&LEFT(E10,FIND(" - ",E10&" - ")-1))&IF(F10="","","-"&LEFT(F10,FIND(" - ",F10&" - ")-1))&IF(LEFT(F10,FIND(" - ",F10&" - ")-1)="CX",IF(AND(G10<>"",H10<>""),"-"&G10&"/"&H10,""),IF(H10<>"","-"&H10,""))&IF(AND(LEFT(F10,FIND(" - ",F10&" - ")-1)<>"CX",I10<>""),"-"&I10,"")&IF(J10="","","-"&LEFT(J10,FIND(" - ",J10&" - ")-1))&IF(K10="","","-"&LEFT(K10,FIND(" - ",K10&" - ")-1))&IF(L10="","","-"&LEFT(L10,FIND(" - ",L10&" - ")-1))&IF(M10<>"","-"&M10,""))) | T10: =IF(S10="","","SKU:"&S10)
A11: =ROW()-1 | R11: =ROUND(O11*Q11,2) | S11: =IF(C11="","",IF(OR(LEFT(C11,FIND(" - ",C11&" - ")-1)="TB",LEFT(C11,FIND(" - ",C11&" - ")-1)="EL45",LEFT(C11,FIND(" - ",C11&" - ")-1)="EL90"),IF(LEFT(D11,FIND(" - ",D11&" - ")-1)="COAX",LEFT(C11,FIND(" - ",C11&" - ")-1)&IF(D11="","","-"&LEFT(D11,FIND(" - ",D11&" - ")-1))&IF(AND(G11<>"",H11<>""),"-"&G11&" x "&H11,IF(H11<>"","-"&H11,""))&IF(I11<>"","-"&I11,"")&IF(K11="","","-"&LEFT(K11,FIND(" - ",K11&" - ")-1))&IF(L11="","","-"&LEFT(L11,FIND(" - ",L11&" - ")-1)),IF(OR(LEFT(C11,FIND(" - ",C11&" - ")-1)="TB",OR(LEFT(D11,FIND(" - ",D11&" - ")-1)="UL",LEFT(D11,FIND(" - ",D11&" - ")-1)="TCC",LEFT(D11,FIND(" - ",D11&" - ")-1)="TCC1")),LEFT(C11,FIND(" - ",C11&" - ")-1)&IF(D11="","","-"&LEFT(D11,FIND(" - ",D11&" - ")-1))&IF(H11<>"","-"&H11,"")&IF(OR(SUBSTITUTE(H11,"""","")="1/2",SUBSTITUTE(H11,"""","")="3/4"),IF(I11<>"","-"&I11,""),"")&IF(K11="","","-"&LEFT(K11,FIND(" - ",K11&" - ")-1))&IF(L11="","","-"&LEFT(L11,FIND(" - ",L11&" - ")-1)),LEFT(C11,FIND(" - ",C11&" - ")-1)&IF(D11="","","-"&LEFT(D11,FIND(" - ",D11&" - ")-1))&IF(E11="","","-"&LEFT(E11,FIND(" - ",E11&" - ")-1))&IF(F11="","","-"&LEFT(F11,FIND(" - ",F11&" - ")-1))&IF(LEFT(F11,FIND(" - ",F11&" - ")-1)="CX",IF(AND(G11<>"",H11<>""),"-"&G11&"/"&H11,""),IF(H11<>"","-"&H11,""))&IF(AND(LEFT(F11,FIND(" - ",F11&" - ")-1)<>"CX",I11<>""),"-"&I11,"")&IF(J11="","","-"&LEFT(J11,FIND(" - ",J11&" - ")-1))&IF(K11="","","-"&LEFT(K11,FIND(" - ",K11&" - ")-1))&IF(L11="","","-"&LEFT(L11,FIND(" - ",L11&" - ")-1))&IF(M11<>"","-"&M11,""))),LEFT(C11,FIND(" - ",C11&" - ")-1)&IF(D11="","","-"&LEFT(D11,FIND(" - ",D11&" - ")-1))&IF(E11="","","-"&LEFT(E11,FIND(" - ",E11&" - ")-1))&IF(F11="","","-"&LEFT(F11,FIND(" - ",F11&" - ")-1))&IF(LEFT(F11,FIND(" - ",F11&" - ")-1)="CX",IF(AND(G11<>"",H11<>""),"-"&G11&"/"&H11,""),IF(H11<>"","-"&H11,""))&IF(AND(LEFT(F11,FIND(" - ",F11&" - ")-1)<>"CX",I11<>""),"-"&I11,"")&IF(J11="","","-"&LEFT(J11,FIND(" - ",J11&" - ")-1))&IF(K11="","","-"&LEFT(K11,FIND(" - ",K11&" - ")-1))&IF(L11="","","-"&LEFT(L11,FIND(" - ",L11&" - ")-1))&IF(M11<>"","-"&M11,""))) | T11: =IF(S11="","","SKU:"&S11)
A12: =ROW()-1 | R12: =ROUND(O12*Q12,2) | S12: =IF(C12="","",IF(OR(LEFT(C12,FIND(" - ",C12&" - ")-1)="TB",LEFT(C12,FIND(" - ",C12&" - ")-1)="EL45",LEFT(C12,FIND(" - ",C12&" - ")-1)="EL90"),IF(LEFT(D12,FIND(" - ",D12&" - ")-1)="COAX",LEFT(C12,FIND(" - ",C12&" - ")-1)&IF(D12="","","-"&LEFT(D12,FIND(" - ",D12&" - ")-1))&IF(AND(G12<>"",H12<>""),"-"&G12&" x "&H12,IF(H12<>"","-"&H12,""))&IF(I12<>"","-"&I12,"")&IF(K12="","","-"&LEFT(K12,FIND(" - ",K12&" - ")-1))&IF(L12="","","-"&LEFT(L12,FIND(" - ",L12&" - ")-1)),IF(OR(LEFT(C12,FIND(" - ",C12&" - ")-1)="TB",OR(LEFT(D12,FIND(" - ",D12&" - ")-1)="UL",LEFT(D12,FIND(" - ",D12&" - ")-1)="TCC",LEFT(D12,FIND(" - ",D12&" - ")-1)="TCC1")),LEFT(C12,FIND(" - ",C12&" - ")-1)&IF(D12="","","-"&LEFT(D12,FIND(" - ",D12&" - ")-1))&IF(H12<>"","-"&H12,"")&IF(OR(SUBSTITUTE(H12,"""","")="1/2",SUBSTITUTE(H12,"""","")="3/4"),IF(I12<>"","-"&I12,""),"")&IF(K12="","","-"&LEFT(K12,FIND(" - ",K12&" - ")-1))&IF(L12="","","-"&LEFT(L12,FIND(" - ",L12&" - ")-1)),LEFT(C12,FIND(" - ",C12&" - ")-1)&IF(D12="","","-"&LEFT(D12,FIND(" - ",D12&" - ")-1))&IF(E12="","","-"&LEFT(E12,FIND(" - ",E12&" - ")-1))&IF(F12="","","-"&LEFT(F12,FIND(" - ",F12&" - ")-1))&IF(LEFT(F12,FIND(" - ",F12&" - ")-1)="CX",IF(AND(G12<>"",H12<>""),"-"&G12&"/"&H12,""),IF(H12<>"","-"&H12,""))&IF(AND(LEFT(F12,FIND(" - ",F12&" - ")-1)<>"CX",I12<>""),"-"&I12,"")&IF(J12="","","-"&LEFT(J12,FIND(" - ",J12&" - ")-1))&IF(K12="","","-"&LEFT(K12,FIND(" - ",K12&" - ")-1))&IF(L12="","","-"&LEFT(L12,FIND(" - ",L12&" - ")-1))&IF(M12<>"","-"&M12,""))),LEFT(C12,FIND(" - ",C12&" - ")-1)&IF(D12="","","-"&LEFT(D12,FIND(" - ",D12&" - ")-1))&IF(E12="","","-"&LEFT(E12,FIND(" - ",E12&" - ")-1))&IF(F12="","","-"&LEFT(F12,FIND(" - ",F12&" - ")-1))&IF(LEFT(F12,FIND(" - ",F12&" - ")-1)="CX",IF(AND(G12<>"",H12<>""),"-"&G12&"/"&H12,""),IF(H12<>"","-"&H12,""))&IF(AND(LEFT(F12,FIND(" - ",F12&" - ")-1)<>"CX",I12<>""),"-"&I12,"")&IF(J12="","","-"&LEFT(J12,FIND(" - ",J12&" - ")-1))&IF(K12="","","-"&LEFT(K12,FIND(" - ",K12&" - ")-1))&IF(L12="","","-"&LEFT(L12,FIND(" - ",L12&" - ")-1))&IF(M12<>"","-"&M12,""))) | T12: =IF(S12="","","SKU:"&S12)
A13: =ROW()-1 | R13: =ROUND(O13*Q13,2) | S13: =IF(C13="","",IF(OR(LEFT(C13,FIND(" - ",C13&" - ")-1)="TB",LEFT(C13,FIND(" - ",C13&" - ")-1)="EL45",LEFT(C13,FIND(" - ",C13&" - ")-1)="EL90"),IF(LEFT(D13,FIND(" - ",D13&" - ")-1)="COAX",LEFT(C13,FIND(" - ",C13&" - ")-1)&IF(D13="","","-"&LEFT(D13,FIND(" - ",D13&" - ")-1))&IF(AND(G13<>"",H13<>""),"-"&G13&" x "&H13,IF(H13<>"","-"&H13,""))&IF(I13<>"","-"&I13,"")&IF(K13="","","-"&LEFT(K13,FIND(" - ",K13&" - ")-1))&IF(L13="","","-"&LEFT(L13,FIND(" - ",L13&" - ")-1)),IF(OR(LEFT(C13,FIND(" - ",C13&" - ")-1)="TB",OR(LEFT(D13,FIND(" - ",D13&" - ")-1)="UL",LEFT(D13,FIND(" - ",D13&" - ")-1)="TCC",LEFT(D13,FIND(" - ",D13&" - ")-1)="TCC1")),LEFT(C13,FIND(" - ",C13&" - ")-1)&IF(D13="","","-"&LEFT(D13,FIND(" - ",D13&" - ")-1))&IF(H13<>"","-"&H13,"")&IF(OR(SUBSTITUTE(H13,"""","")="1/2",SUBSTITUTE(H13,"""","")="3/4"),IF(I13<>"","-"&I13,""),"")&IF(K13="","","-"&LEFT(K13,FIND(" - ",K13&" - ")-1))&IF(L13="","","-"&LEFT(L13,FIND(" - ",L13&" - ")-1)),LEFT(C13,FIND(" - ",C13&" - ")-1)&IF(D13="","","-"&LEFT(D13,FIND(" - ",D13&" - ")-1))&IF(E13="","","-"&LEFT(E13,FIND(" - ",E13&" - ")-1))&IF(F13="","","-"&LEFT(F13,FIND(" - ",F13&" - ")-1))&IF(LEFT(F13,FIND(" - ",F13&" - ")-1)="CX",IF(AND(G13<>"",H13<>""),"-"&G13&"/"&H13,""),IF(H13<>"","-"&H13,""))&IF(AND(LEFT(F13,FIND(" - ",F13&" - ")-1)<>"CX",I13<>""),"-"&I13,"")&IF(J13="","","-"&LEFT(J13,FIND(" - ",J13&" - ")-1))&IF(K13="","","-"&LEFT(K13,FIND(" - ",K13&" - ")-1))&IF(L13="","","-"&LEFT(L13,FIND(" - ",L13&" - ")-1))&IF(M13<>"","-"&M13,""))),LEFT(C13,FIND(" - ",C13&" - ")-1)&IF(D13="","","-"&LEFT(D13,FIND(" - ",D13&" - ")-1))&IF(E13="","","-"&LEFT(E13,FIND(" - ",E13&" - ")-1))&IF(F13="","","-"&LEFT(F13,FIND(" - ",F13&" - ")-1))&IF(LEFT(F13,FIND(" - ",F13&" - ")-1)="CX",IF(AND(G13<>"",H13<>""),"-"&G13&"/"&H13,""),IF(H13<>"","-"&H13,""))&IF(AND(LEFT(F13,FIND(" - ",F13&" - ")-1)<>"CX",I13<>""),"-"&I13,"")&IF(J13="","","-"&LEFT(J13,FIND(" - ",J13&" - ")-1))&IF(K13="","","-"&LEFT(K13,FIND(" - ",K13&" - ")-1))&IF(L13="","","-"&LEFT(L13,FIND(" - ",L13&" - ")-1))&IF(M13<>"","-"&M13,""))) | T13: =IF(S13="","","SKU:"&S13)
... A1000: =ROW()-1 | R1000: =ROUND(O1000*Q1000,2) | S1000: =IF(C1000="","",IF(OR(LEFT(C1000,FIND(" - ",C1000&" - ")-1)="TB",LEFT(C1000,FIND(" - ",C1000&" - ")-1)="EL45",LEFT(C1000,FIND(" - ",C1000&" - ")-1)="EL90"),IF(LEFT(D1000,FIND(" - ",D1000&" - ")-1)="COAX",LEFT(C1000,FIND(" - ",C1000&" - ")-1)&IF(D1000="","","-"&LEFT(D1000,FIND(" - ",D1000&" - ")-1))&IF(AND(G1000<>"",H1000<>""),"-"&G1000&" x "&H1000,IF(H1000<>"","-"&H1000,""))&IF(I1000<>"","-"&I1000,"")&IF(K1000="","","-"&LEFT(K1000,FIND(" - ",K1000&" - ")-1))&IF(L1000="","","-"&LEFT(L1000,FIND(" - ",L1000&" - ")-1)),IF(OR(LEFT(C1000,FIND(" - ",C1000&" - ")-1)="TB",OR(LEFT(D1000,FIND(" - ",D1000&" - ")-1)="UL",LEFT(D1000,FIND(" - ",D1000&" - ")-1)="TCC",LEFT(D1000,FIND(" - ",D1000&" - ")-1)="TCC1")),LEFT(C1000,FIND(" - ",C1000&" - ")-1)&IF(D1000="","","-"&LEFT(D1000,FIND(" - ",D1000&" - ")-1))&IF(H1000<>"","-"&H1000,"")&IF(OR(SUBSTITUTE(H1000,"""","")="1/2",SUBSTITUTE(H1000,"""","")="3/4"),IF(I1000<>"","-"&I1000,""),"")&IF(K1000="","","-"&LEFT(K1000,FIND(" - ",K1000&" - ")-1))&IF(L1000="","","-"&LEFT(L1000,FIND(" - ",L1000&" - ")-1)),LEFT(C1000,FIND(" - ",C1000&" - ")-1)&IF(D1000="","","-"&LEFT(D1000,FIND(" - ",D1000&" - ")-1))&IF(E1000="","","-"&LEFT(E1000,FIND(" - ",E1000&" - ")-1))&IF(F1000="","","-"&LEFT(F1000,FIND(" - ",F1000&" - ")-1))&IF(LEFT(F1000,FIND(" - ",F1000&" - ")-1)="CX",IF(AND(G1000<>"",H1000<>""),"-"&G1000&"/"&H1000,""),IF(H1000<>"","-"&H1000,""))&IF(AND(LEFT(F1000,FIND(" - ",F1000&" - ")-1)<>"CX",I1000<>""),"-"&I1000,"")&IF(J1000="","","-"&LEFT(J1000,FIND(" - ",J1000&" - ")-1))&IF(K1000="","","-"&LEFT(K1000,FIND(" - ",K1000&" - ")-1))&IF(L1000="","","-"&LEFT(L1000,FIND(" - ",L1000&" - ")-1))&IF(M1000<>"","-"&M1000,""))),LEFT(C1000,FIND(" - ",C1000&" - ")-1)&IF(D1000="","","-"&LEFT(D1000,FIND(" - ",D1000&" - ")-1))&IF(E1000="","","-"&LEFT(E1000,FIND(" - ",E1000&" - ")-1))&IF(F1000="","","-"&LEFT(F1000,FIND(" - ",F1000&" - ")-1))&IF(LEFT(F1000,FIND(" - ",F1000&" - ")-1)="CX",IF(AND(G1000<>"",H1000<>""),"-"&G1000&"/"&H1000,""),IF(H1000<>"","-"&H1000,""))&IF(AND(LEFT(F1000,FIND(" - ",F1000&" - ")-1)<>"CX",I1000<>""),"-"&I1000,"")&IF(J1000="","","-"&LEFT(J1000,FIND(" - ",J1000&" - ")-1))&IF(K1000="","","-"&LEFT(K1000,FIND(" - ",K1000&" - ")-1))&IF(L1000="","","-"&LEFT(L1000,FIND(" - ",L1000&" - ")-1))&IF(M1000<>"","-"&M1000,""))) | T1000: =IF(S1000="","","SKU:"&S1000)

Sheet Liste_Menu
A1: Famiglia - Codice | B1: Famiglia - Descrizione | C1: Famiglia - Menu | E1: Serie - Codice | F1: Serie - Descrizione | G1: Serie - Menu | I1: Materiale - Codice | J1: Materiale - Descrizione | K1: Materiale - Menu | M1: Config - Codice | N1: Config - Descrizione | O1: Config - Menu | Q1: Connessione - Codice | R1: Connessione - Descrizione | S1: Connessione - Menu | U1: Finitura - Codice | V1: Finitura - Descrizione | W1: Finitura - Menu | Y1: Brand - Codice | Z1: Brand - Descrizione | AA1: Brand - Menu | AC1: u.m. - Codice | AD1: u.m. - Descrizione | AE1: u.m. - Menu
A2: TB | B2: Tubo | C2: =IF(A2="","",A2&" - "&B2) | E2: STD | F2: Standard | G2: =IF(E2="","",E2&" - "&F2) | I2: 316L | J2: Stainless Steel 316L | K2: =IF(I2="","",I2&" - "&J2) | M2: S | N2: Singolo | O2: =IF(M2="","",M2&" - "&N2) | Q2: TW | R2: Tube Weld | S2: =IF(Q2="","",Q2&" - "&R2) | U2: BA | V2: Bright Annealed | W2: =IF(U2="","",U2&" - "&V2) | Y2: DKW | Z2: Dockweiler | AA2: =IF(Y2="","",Y2&" - "&Z2) | AC2: MT | AD2: metri | AE2: =IF(AC2="","",AC2&" - "&AD2)
A3: EL90 | B3: Curva 90° | C3: =IF(A3="","",A3&" - "&B3) | E3: UL | F3: ULTRON | G3: =IF(E3="","",E3&" - "&F3) | I3: VAR | J3: 316L VAR | K3: =IF(I3="","",I3&" - "&J3) | M3: CX | N3: Coassiale | O3: =IF(M3="","",M3&" - "&N3) | Q3: VCF | R3: VCR Female | S3: =IF(Q3="","",Q3&" - "&R3) | U3: BF | V3: Bright Finished | W3: =IF(U3="","",U3&" - "&V3) | Y3: HLT | Z3: Ham-Let | AA3: =IF(Y3="","",Y3&" - "&Z3) | AC3: PZ | AD3: pezzi | AE3: =IF(AC3="","",AC3&" - "&AD3)
A4: EL45 | B4: Curva 45° | C4: =IF(A4="","",A4&" - "&B4) | E4: TCC | F4: TCC | G4: =IF(E4="","",E4&" - "&F4) | I4: PFA | J4: PFA | K4: =IF(I4="","",I4&" - "&J4) | M4: NA | N4: Non applicabile | O4: =IF(M4="","",M4&" - "&N4) | Q4: VCM | R4: VCR Male | S4: =IF(Q4="","",Q4&" - "&R4) | U4: EP | V4: Electropolished | W4: =IF(U4="","",U4&" - "&V4) | Y4: APT | Z4: APTech | AA4: =IF(Y4="","",Y4&" - "&Z4) | AE4: =IF(AC4="","",AC4&" - "&AD4)
A5: TEE | B5: Tee | C5: =IF(A5="","",A5&" - "&B5) | E5: TCC1 | F5: TCC.1 | G5: =IF(E5="","",E5&" - "&F5) | I5: PVDF | J5: PVDF | K5: =IF(I5="","",I5&" - "&J5) | O5: =IF(M5="","",M5&" - "&N5) | Q5: CL | R5: Clamp | S5: =IF(Q5="","",Q5&" - "&R5) | U5: STD | V5: Standard | W5: =IF(U5="","",U5&" - "&V5) | Y5: FJK | Z5: Fujikin | AA5: =IF(Y5="","",Y5&" - "&Z5) | AE5: =IF(AC5="","",AC5&" - "&AD5)
A6: RED | B6: Riduzione | C6: =IF(A6="","",A6&" - "&B6) | E6: COAX | F6: Coassiale | G6: =IF(E6="","",E6&" - "&F6) | I6: PP | J6: Polipropilene | K6: =IF(I6="","",I6&" - "&J6) | O6: =IF(M6="","",M6&" - "&N6) | Q6: NPT | R6: NPT | S6: =IF(Q6="","",Q6&" - "&R6) | U6: NA | V6: Non applicabile | W6: =IF(U6="","",U6&" - "&V6) | Y6: SWG | Z6: Swagelok | AA6: =IF(Y6="","",Y6&" - "&Z6) | AE6: =IF(AC6="","",AC6&" - "&AD6)
A7: CAP | B7: CAP / Tappo | C7: =IF(A7="","",A7&" - "&B7) | E7: NA | F7: Non applicabile | G7: =IF(E7="","",E7&" - "&F7) | I7: PE | J7: Polietilene | K7: =IF(I7="","",I7&" - "&J7) | O7: =IF(M7="","",M7&" - "&N7) | Q7: SK | R7: Socket Weld | S7: =IF(Q7="","",Q7&" - "&R7) | W7: =IF(U7="","",U7&" - "&V7) | Y7: GF | Z7: Georg Fischer | AA7: =IF(Y7="","",Y7&" - "&Z7) | AE7: =IF(AC7="","",AC7&" - "&AD7)
A8: TERM | B8: Terminator | C8: =IF(A8="","",A8&" - "&B8) | G8: =IF(E8="","",E8&" - "&F8) | I8: PTFE | J8: PTFE | K8: =IF(I8="","",I8&" - "&J8) | O8: =IF(M8="","",M8&" - "&N8) | Q8: FL | R8: Flare | S8: =IF(Q8="","",Q8&" - "&R8) | W8: =IF(U8="","",U8&" - "&V8) | Y8: AGR | Z8: Agru | AA8: =IF(Y8="","",Y8&" - "&Z8) | AE8: =IF(AC8="","",AC8&" - "&AD8)
A9: BV | B9: Valvola sfera | C9: =IF(A9="","",A9&" - "&B9) | G9: =IF(E9="","",E9&" - "&F9) | I9: EPDM | J9: EPDM | K9: =IF(I9="","",I9&" - "&J9) | O9: =IF(M9="","",M9&" - "&N9) | Q9: BW | R9: Butt Weld | S9: =IF(Q9="","",Q9&" - "&R9) | W9: =IF(U9="","",U9&" - "&V9) | Y9: EVN | Z9: Evans | AA9: =IF(Y9="","",Y9&" - "&Z9) | AE9: =IF(AC9="","",AC9&" - "&AD9)
A10: DV | B10: Valvola diaframma | C10: =IF(A10="","",A10&" - "&B10) | G10: =IF(E10="","",E10&" - "&F10) | I10: NA | J10: Non applicabile | K10: =IF(I10="","",I10&" - "&J10) | O10: =IF(M10="","",M10&" - "&N10) | Q10: SW | R10: Socket Weld | S10: =IF(Q10="","",Q10&" - "&R10) | W10: =IF(U10="","",U10&" - "&V10) | Y10: CTN | Z10: Carten | AA10: =IF(Y10="","",Y10&" - "&Z10) | AE10: =IF(AC10="","",AC10&" - "&AD10)
A11: PV | B11: Valvola plastica | C11: =IF(A11="","",A11&" - "&B11) | G11: =IF(E11="","",E11&" - "&F11) | K11: =IF(I11="","",I11&" - "&J11) | O11: =IF(M11="","",M11&" - "&N11) | Q11: FNPT | R11: Female NPT | S11: =IF(Q11="","",Q11&" - "&R11) | W11: =IF(U11="","",U11&" - "&V11) | AA11: =IF(Y11="","",Y11&" - "&Z11) | AE11: =IF(AC11="","",AC11&" - "&AD11)
A12: PR | B12: Regolatore pressione | C12: =IF(A12="","",A12&" - "&B12) | G12: =IF(E12="","",E12&" - "&F12) | K12: =IF(I12="","",I12&" - "&J12) | O12: =IF(M12="","",M12&" - "&N12) | Q12: MNPT | R12: Male NPT | S12: =IF(Q12="","",Q12&" - "&R12) | W12: =IF(U12="","",U12&" - "&V12) | AA12: =IF(Y12="","",Y12&" - "&Z12) | AE12: =IF(AC12="","",AC12&" - "&AD12)
A13: FIL | B13: Filtro | C13: =IF(A13="","",A13&" - "&B13) | G13: =IF(E13="","",E13&" - "&F13) | K13: =IF(I13="","",I13&" - "&J13) | O13: =IF(M13="","",M13&" - "&N13) | Q13: NA | R13: Non applicabile | S13: =IF(Q13="","",Q13&" - "&R13) | W13: =IF(U13="","",U13&" - "&V13) | AA13: =IF(Y13="","",Y13&" - "&Z13) | AE13: =IF(AC13="","",AC13&" - "&AD13)
A14: MFC | B14: Mass flow controller | C14: =IF(A14="","",A14&" - "&B14) | G14: =IF(E14="","",E14&" - "&F14) | K14: =IF(I14="","",I14&" - "&J14) | O14: =IF(M14="","",M14&" - "&N14) | S14: =IF(Q14="","",Q14&" - "&R14) | W14: =IF(U14="","",U14&" - "&V14) | AA14: =IF(Y14="","",Y14&" - "&Z14) | AE14: =IF(AC14="","",AC14&" - "&AD14)
A15: FIT | B15: Fitting | C15: =IF(A15="","",A15&" - "&B15) | G15: =IF(E15="","",E15&" - "&F15) | K15: =IF(I15="","",I15&" - "&J15) | O15: =IF(M15="","",M15&" - "&N15) | S15: =IF(Q15="","",Q15&" - "&R15) | W15: =IF(U15="","",U15&" - "&V15) | AA15: =IF(Y15="","",Y15&" - "&Z15) | AE15: =IF(AC15="","",AC15&" - "&AD15)
C16: =IF(A16="","",A16&" - "&B16) | G16: =IF(E16="","",E16&" - "&F16) | K16: =IF(I16="","",I16&" - "&J16) | O16: =IF(M16="","",M16&" - "&N16) | S16: =IF(Q16="","",Q16&" - "&R16) | W16: =IF(U16="","",U16&" - "&V16) | AA16: =IF(Y16="","",Y16&" - "&Z16) | AE16: =IF(AC16="","",AC16&" - "&AD16)
C17: =IF(A17="","",A17&" - "&B17) | G17: =IF(E17="","",E17&" - "&F17) | K17: =IF(I17="","",I17&" - "&J17) | O17: =IF(M17="","",M17&" - "&N17) | S17: =IF(Q17="","",Q17&" - "&R17) | W17: =IF(U17="","",U17&" - "&V17) | AA17: =IF(Y17="","",Y17&" - "&Z17) | AE17: =IF(AC17="","",AC17&" - "&AD17)
C18: =IF(A18="","",A18&" - "&B18) | G18: =IF(E18="","",E18&" - "&F18) | K18: =IF(I18="","",I18&" - "&J18) | O18: =IF(M18="","",M18&" - "&N18) | S18: =IF(Q18="","",Q18&" - "&R18) | W18: =IF(U18="","",U18&" - "&V18) | AA18: =IF(Y18="","",Y18&" - "&Z18) | AE18: =IF(AC18="","",AC18&" - "&AD18)
C19: =IF(A19="","",A19&" - "&B19) | G19: =IF(E19="","",E19&" - "&F19) | K19: =IF(I19="","",I19&" - "&J19) | O19: =IF(M19="","",M19&" - "&N19) | S19: =IF(Q19="","",Q19&" - "&R19) | W19: =IF(U19="","",U19&" - "&V19) | AA19: =IF(Y19="","",Y19&" - "&Z19) | AE19: =IF(AC19="","",AC19&" - "&AD19)
C20: =IF(A20="","",A20&" - "&B20) | G20: =IF(E20="","",E20&" - "&F20) | K20: =IF(I20="","",I20&" - "&J20) | O20: =IF(M20="","",M20&" - "&N20) | S20: =IF(Q20="","",Q20&" - "&R20) | W20: =IF(U20="","",U20&" - "&V20) | AA20: =IF(Y20="","",Y20&" - "&Z20) | AE20: =IF(AC20="","",AC20&" - "&AD20)
C21: =IF(A21="","",A21&" - "&B21) | G21: =IF(E21="","",E21&" - "&F21) | K21: =IF(I21="","",I21&" - "&J21) | O21: =IF(M21="","",M21&" - "&N21) | S21: =IF(Q21="","",Q21&" - "&R21) | W21: =IF(U21="","",U21&" - "&V21) | AA21: =IF(Y21="","",Y21&" - "&Z21) | AE21: =IF(AC21="","",AC21&" - "&AD21)
C22: =IF(A22="","",A22&" - "&B22) | G22: =IF(E22="","",E22&" - "&F22) | K22: =IF(I22="","",I22&" - "&J22) | O22: =IF(M22="","",M22&" - "&N22) | S22: =IF(Q22="","",Q22&" - "&R22) | W22: =IF(U22="","",U22&" - "&V22) | AA22: =IF(Y22="","",Y22&" - "&Z22) | AE22: =IF(AC22="","",AC22&" - "&AD22)
C23: =IF(A23="","",A23&" - "&B23) | G23: =IF(E23="","",E23&" - "&F23) | K23: =IF(I23="","",I23&" - "&J23) | O23: =IF(M23="","",M23&" - "&N23) | S23: =IF(Q23="","",Q23&" - "&R23) | W23: =IF(U23="","",U23&" - "&V23) | AA23: =IF(Y23="","",Y23&" - "&Z23) | AE23: =IF(AC23="","",AC23&" - "&AD23)
C24: =IF(A24="","",A24&" - "&B24) | G24: =IF(E24="","",E24&" - "&F24) | K24: =IF(I24="","",I24&" - "&J24) | O24: =IF(M24="","",M24&" - "&N24) | S24: =IF(Q24="","",Q24&" - "&R24) | W24: =IF(U24="","",U24&" - "&V24) | AA24: =IF(Y24="","",Y24&" - "&Z24) | AE24: =IF(AC24="","",AC24&" - "&AD24)
C25: =IF(A25="","",A25&" - "&B25) | G25: =IF(E25="","",E25&" - "&F25) | K25: =IF(I25="","",I25&" - "&J25) | O25: =IF(M25="","",M25&" - "&N25) | S25: =IF(Q25="","",Q25&" - "&R25) | W25: =IF(U25="","",U25&" - "&V25) | AA25: =IF(Y25="","",Y25&" - "&Z25) | AE25: =IF(AC25="","",AC25&" - "&AD25)
C26: =IF(A26="","",A26&" - "&B26) | G26: =IF(E26="","",E26&" - "&F26) | K26: =IF(I26="","",I26&" - "&J26) | O26: =IF(M26="","",M26&" - "&N26) | S26: =IF(Q26="","",Q26&" - "&R26) | W26: =IF(U26="","",U26&" - "&V26) | AA26: =IF(Y26="","",Y26&" - "&Z26) | AE26: =IF(AC26="","",AC26&" - "&AD26)
C27: =IF(A27="","",A27&" - "&B27) | G27: =IF(E27="","",E27&" - "&F27) | K27: =IF(I27="","",I27&" - "&J27) | O27: =IF(M27="","",M27&" - "&N27) | S27: =IF(Q27="","",Q27&" - "&R27) | W27: =IF(U27="","",U27&" - "&V27) | AA27: =IF(Y27="","",Y27&" - "&Z27) | AE27: =IF(AC27="","",AC27&" - "&AD27)
... C4997: =IF(A4997="","",A4997&" - "&B4997) | G4997: =IF(E4997="","",E4997&" - "&F4997) | K4997: =IF(I4997="","",I4997&" - "&J4997) | O4997: =IF(M4997="","",M4997&" - "&N4997) | S4997: =IF(Q4997="","",Q4997&" - "&R4997) | W4997: =IF(U4997="","",U4997&" - "&V4997) | AA4997: =IF(Y4997="","",Y4997&" - "&Z4997) | AE4997: =IF(AC4997="","",AC4997&" - "&AD4997)
C4998: =IF(A4998="","",A4998&" - "&B4998) | K4998: =IF(I4998="","",I4998&" - "&J4998) | O4998: =IF(M4998="","",M4998&" - "&N4998) | S4998: =IF(Q4998="","",Q4998&" - "&R4998) | AA4998: =IF(Y4998="","",Y4998&" - "&Z4998) | AE4998: =IF(AC4998="","",AC4998&" - "&AD4998)
C4999: =IF(A4999="","",A4999&" - "&B4999) | K4999: =IF(I4999="","",I4999&" - "&J4999) | O4999: =IF(M4999="","",M4999&" - "&N4999) | S4999: =IF(Q4999="","",Q4999&" - "&R4999) | AA4999: =IF(Y4999="","",Y4999&" - "&Z4999) | AE4999: =IF(AC4999="","",AC4999&" - "&AD4999)
C5000: =IF(A5000="","",A5000&" - "&B5000) | K5000: =IF(I5000="","",I5000&" - "&J5000) | O5000: =IF(M5000="","",M5000&" - "&N5000) | S5000: =IF(Q5000="","",Q5000&" - "&R5000) | AA5000: =IF(Y5000="","",Y5000&" - "&Z5000) | AE5000: =IF(AC5000="","",AC5000&" - "&AD5000)

Sheet Regole_SKU
A1: Campo | B1: Regola
A2: Menu a tendina | B2: Il menu mostra CODICE - Descrizione. Per aggiungere un codice, inserire una nuova riga nel foglio Liste_Menu nella sezione corretta.
A3: SKU | B3: Lo SKU usa solo il codice prima del trattino.
A4: Tubo singolo | B4: TB-Tubo: SKU = Famiglia-Serie-OD est-Spessore-Finitura-Brand. Lo Spessore viene inserito solo se OD est = 1/2" oppure 3/4".
A5: Tubo coassiale | B5: TB-Serie-Materiale-CX-ODint/ODest-Connessione-Finitura-Brand
A6: u.m. | B6: MT = metri; PZ = pezzi
A7: Giacenza | B7: Campo inputato manualmente.
A8: Costo unitario | B8: Campo inputato manualmente in euro.
A9: Valore | B9: Formula = Giacenza x Costo unitario, arrotondata a 2 decimali.
A11: Nota menu dinamici | B11: Per aggiungere una voce, inserire Codice e Descrizione nelle colonne relative del foglio Liste_Menu. La colonna Menu accanto si compila da sola e la tendina del Template si aggiorna.

Sheet Import_Gestionale
A1: ID interno | B1: SKU | C1: Descrizione | D1: Famiglia | E1: Brand | F1: Giacenza | G1: u.m. | H1: Costo unitario | I1: Valore | J1: QR/URL | K1: Note
A2: =Template!A2 | B2: =Template!S2 | C2: =Template!B2 | D2: =Template!C2 | E2: =Template!L2 | F2: =Template!O2 | G2: =Template!P2 | H2: =Template!Q2 | I2: =Template!R2 | J2: =Template!T2 | K2: =Template!U2
A3: =Template!A3 | B3: =Template!S3 | C3: =Template!B3 | D3: =Template!C3 | E3: =Template!L3 | F3: =Template!O3 | G3: =Template!P3 | H3: =Template!Q3 | I3: =Template!R3 | J3: =Template!T3 | K3: =Template!U3
A4: =Template!A4 | B4: =Template!S4 | C4: =Template!B4 | D4: =Template!C4 | E4: =Template!L4 | F4: =Template!O4 | G4: =Template!P4 | H4: =Template!Q4 | I4: =Template!R4 | J4: =Template!T4 | K4: =Template!U4
A5: =Template!A5 | B5: =Template!S5 | C5: =Template!B5 | D5: =Template!C5 | E5: =Template!L5 | F5: =Template!O5 | G5: =Template!P5 | H5: =Template!Q5 | I5: =Template!R5 | J5: =Template!T5 | K5: =Template!U5
A6: =Template!A6 | B6: =Template!S6 | C6: =Template!B6 | D6: =Template!C6 | E6: =Template!L6 | F6: =Template!O6 | G6: =Template!P6 | H6: =Template!Q6 | I6: =Template!R6 | J6: =Template!T6 | K6: =Template!U6
A7: =Template!A7 | B7: =Template!S7 | C7: =Template!B7 | D7: =Template!C7 | E7: =Template!L7 | F7: =Template!O7 | G7: =Template!P7 | H7: =Template!Q7 | I7: =Template!R7 | J7: =Template!T7 | K7: =Template!U7
A8: =Template!A8 | B8: =Template!S8 | C8: =Template!B8 | D8: =Template!C8 | E8: =Template!L8 | F8: =Template!O8 | G8: =Template!P8 | H8: =Template!Q8 | I8: =Template!R8 | J8: =Template!T8 | K8: =Template!U8
A9: =Template!A9 | B9: =Template!S9 | C9: =Template!B9 | D9: =Template!C9 | E9: =Template!L9 | F9: =Template!O9 | G9: =Template!P9 | H9: =Template!Q9 | I9: =Template!R9 | J9: =Template!T9 | K9: =Template!U9
A10: =Template!A10 | B10: =Template!S10 | C10: =Template!B10 | D10: =Template!C10 | E10: =Template!L10 | F10: =Template!O10 | G10: =Template!P10 | H10: =Template!Q10 | I10: =Template!R10 | J10: =Template!T10 | K10: =Template!U10
A11: =Template!A11 | B11: =Template!S11 | C11: =Template!B11 | D11: =Template!C11 | E11: =Template!L11 | F11: =Template!O11 | G11: =Template!P11 | H11: =Template!Q11 | I11: =Template!R11 | J11: =Template!T11 | K11: =Template!U11
A12: =Template!A12 | B12: =Template!S12 | C12: =Template!B12 | D12: =Template!C12 | E12: =Template!L12 | F12: =Template!O12 | G12: =Template!P12 | H12: =Template!Q12 | I12: =Template!R12 | J12: =Template!T12 | K12: =Template!U12
A13: =Template!A13 | B13: =Template!S13 | C13: =Template!B13 | D13: =Template!C13 | E13: =Template!L13 | F13: =Template!O13 | G13: =Template!P13 | H13: =Template!Q13 | I13: =Template!R13 | J13: =Template!T13 | K13: =Template!U13
... A1000: =Template!A1000 | B1000: =Template!S1000 | C1000: =Template!B1000 | D1000: =Template!C1000 | E1000: =Template!L1000 | F1000: =Template!O1000 | G1000: =Template!P1000 | H1000: =Template!Q1000 | I1000: =Template!R1000 | J1000: =Template!T1000 | K1000: =Template!U1000
